"CPSE","Year","Gross_TurnOver_2019_20","Gross_TurnOver_2018_19","Gross_TurnOver_2017_18","Rank_2019_20"
"INDIAN OIL CORPORATION LTD.","2019-20","56694964","50642759","50642759","1"
"BHARAT PETROLEUM CORPN. LTD.","2019-20","32758078","27727054","27727054","2"
"HINDUSTAN PETROLEUM CORPN. LTD.","2019-20","28741693","24408535","24408535","3"
"FOOD CORPN. OF INDIA","2019-20","15603736","13453817","13453817","4"
"NTPC LTD.","2019-20","10252923","8345270","8345270","5"
"OIL & NATURAL GAS CORPORATION LTD.","2019-20","9621361","8500410","8500410","6"
"GAIL (INDIA) LTD.","2019-20","7187635","5382549","5382549","7"
"STEEL AUTHORITY OF INDIA LTD.","2019-20","6166055","5896236","5896236","8"
"MANGALORE REFINERY & PETROCHEMICALS LTD.","2019-20","6075154","6308364","6308364","9"
"CHENNAI PETROLEUM CORPORATION LTD.","2019-20","4865022","4418848","4418848","10"
"POWER GRID CORPORATION OF INDIA LTD.","2019-20","3618554","2976459","2976459","11"
"POWER FINANCE CORPORATION LTD.","2019-20","3336290","2597585","2597585","12"
"REC LTD.","2019-20","2979106","2245462","2245462","13"
"M M T C LTD.","2019-20","2897944","1645081","1645081","14"
"AIR INDIA LTD.","2019-20","2550883","2294813","2294813","15"
"BHARAT HEAVY ELECTRICALS LTD.","2019-20","2148606","2881300","2881300","16"
"HINDUSTAN AERONAUTICS LTD.","2019-20","2143838","1862378","1862378","17"
"SOUTH EASTERN COALFIELDS LTD.","2019-20","1817940","2022752","2022752","18"
"BHARAT SANCHAR NIGAM LTD.","2019-20","1788609","2266778","2266778","19"
"ONGC VIDESH LTD.","2019-20","1695654","1278714","1278714","20"
"NORTHERN COALFIELDS LTD.","2019-20","1627644","1265778","1265778","21"
"RASHTRIYA ISPAT NIGAM LTD.","2019-20","1592046","1460718","1460718","22"
"MAHANADI COALFIELDLS LTD.","2019-20","1581117","1458952","1458952","23"
"RAIL VIKAS NIGAM LTD.","2019-20","1453058","755656","755656","24"
"NUMALIGARH REFINERY LTD.","2019-20","1407266","1592319","1592319","25"
"INDIAN RAILWAY FINANCE CORPORATION LTD.","2019-20","1383847","926714","926714","26"
"NUCLEAR POWER CORPN. OF INDIA LTD.","2019-20","1365840","1220634","1220634","27"
"EASTERN COALFIELDS LTD.","2019-20","1333843","1094125","1094125","28"
"NATIONAL FERTILIZERS LTD.","2019-20","1313536","895436","895436","29"
"BHARAT ELECTRONICS LTD.","2019-20","1292111","1040061","1040061","30"
"CENTRAL COALFIELDS LTD.","2019-20","1258072","1155071","1155071","31"
"AIRPORTS AUTHORITY OF INDIA","2019-20","1226175","1230669","1230669","32"
"OIL INDIA LTD.","2019-20","1212852","1065647","1065647","33"
"NMDC Ltd.","2019-20","1169922","1161491","1161491","34"
"WESTERN COALFIELDS LTD.","2019-20","974927","833815","833815","35"
"RASHTRIYA  CHEMICALS  AND  FERTILIZERS  LTD.","2019-20","969795","728196","728196","36"
"BHARAT COKING COAL LTD.","2019-20","942601","760407","760407","37"
"NHPC LTD.","2019-20","873541","693822","693822","38"
"NATIONAL ALUMINIUM COMPANY LTD.","2019-20","847184","961831","961831","39"
"NLC INDIA LTD.","2019-20","791630","849620","849620","40"
"HOUSING & URBAN DEV. CORPN. LTD.","2019-20","753212","417136","417136","41"
"CONTAINER CORPORATION OF INDIA LTD.","2019-20","647379","615716","615716","42"
"THE COTTON CORPN. OF INDIA LTD.","2019-20","645223","117353","117353","43"
"AIR INDIA EXPRESS LTD.","2019-20","521944","354444","354444","44"
"NBCC (INDIA) LTD.","2019-20","521034","590501","590501","45"
"IRCON INTERNATIONAL LTD.","2019-20","520245","389064","389064","46"
"GAIL GAS LTD.","2019-20","514386","460213","460213","47"
"MAZAGON DOCK SHIPBUILDERS LTD.","2019-20","497765","448798","448798","48"
"SECURITY PRINTING & MINTING CORPN. INDIA LTD.","2019-20","496607","440230","440230","49"
"ONGC MANGALORE PETROCHEMICALS LTD.","2019-20","495417","556129","556129","50"
"SOLAR ENERGY CORPORATION OF INDIA","2019-20","462572","115818","115818","51"
"SHIPPING CORPORATION OF INDIA LTD.","2019-20","442544","346947","346947","52"
"NTPC VIDYUT VYAPAR NIGAM LTD.","2019-20","440317","501527","501527","53"
"INDIA INFRASTRUCTURE FINANCE CO. LTD.","2019-20","381309","356814","356814","54"
"COCHIN SHIPYARD LTD.","2019-20","342250","235512","235512","55"
"BRIDGE & ROOF CO.(INDIA) LTD.","2019-20","324661","205342","205342","56"
"ENGINEERS INDIA LTD.","2019-20","320305","178758","178758","57"
"BHARAT DYNAMICS LTD.","2019-20","309520","458760","458760","58"
"BEML LTD.","2019-20","302882","330542","330542","59"
"STATE TRADING CORPN. OF INDIA LTD.","2019-20","293674","1086571","1086571","60"
"SJVN LTD.","2019-20","289446","222997","222997","61"
"FERTILIZERS & CHEMICALS (TRAVANCORE) LTD.","2019-20","276991","192867","192867","62"
"BRAHAMPUTRA CRACKERS & POLYMER LTD.","2019-20","273138","174868","174868","63"
"KONKAN RAILWAY CORPORATION LTD.","2019-20","272366","243742","243742","64"
"NLC TAMIL NADU POWER LTD.","2019-20","257658","281771","281771","65"
"RITES LTD.","2019-20","240057","143385","143385","66"
"URANIUM CORPORATION OF INDIA LTD.","2019-20","238657","178274","178274","67"
"INDIAN RENEWABLE ENERGY DEVT.AGENCY LTD.","2019-20","236732","180626","180626","68"
"BHARTIYA RAIL BIJLEE CO. LTD.","2019-20","229361","69741","69741","69"
"INDIAN RAILWAY CATERING AND TOURISM CORPN. LTD.","2019-20","227549","146917","146917","70"
"NORTH EASTERN ELECTRIC POWER CORPORATION LTD.","2019-20","221015","163295","163295","71"
"THDC INDIA LTD.","2019-20","216416","218510","218510","72"
"HSCC (INDIA) LTD.","2019-20","212541","150548","150548","73"
"I T I  LTD.","2019-20","205887","148417","148417","74"
"KIOCL LTD.","2019-20","193765","163718","163718","75"
"NATIONAL SMALL INDUSTRIES CORPN. LTD.","2019-20","190411","253668","253668","76"
"TELECOMMUNICATIONS  CONSULTANTS (INDIA)  LTD.","2019-20","174090","123263","123263","77"
"KANTI BIJLEE UTPADAN NIGAM LTD.","2019-20","169083","86156","86156","78"
"HLL LIFECARE LTD.","2019-20","167764","107538","107538","79"
"ELECTRONICS CORPN. OF INDIA LTD.","2019-20","163944","140817","140817","80"
"CENTRAL WAREHOUSING CORPN.","2019-20","161230","150209","150209","81"
"MAHANAGAR TELEPHONE NIGAM LTD.","2019-20","153636","237191","237191","82"
"BALMER LAWRIE & CO. LTD.","2019-20","152977","175811","175811","83"
"ANTRIX CORPORATION LTD.","2019-20","144350","193227","193227","84"
"GARDEN REACH SHIPBUILDERS & ENGINEERS LTD.","2019-20","143329","134966","134966","85"
"WAPCOS LTD.","2019-20","141309","114129","114129","86"
"CENTRAL MINE PLANNING & DESIGN INSTITUTE LTD.","2019-20","138131","115475","115475","87"
"ENGINEERING PROJECTS (INDIA) LTD.","2019-20","133659","160741","160741","88"
"MADRAS FERTILIZERS LTD.","2019-20","127439","161714","161714","89"
"NHDC LTD.","2019-20","127337","78491","78491","90"
"AIR INDIA ENGINEERING SERVICES LTD.","2019-20","119197","78511","78511","91"
"NABINAGAR POWER GENERATING COMPANY LTD.","2019-20","118805","0","0","92"
"NATIONAL INFORMATICS CENTRE SERVICES INCORPORATED","2019-20","115628","125837","125837","93"
"NATIONAL TEXTILE CORPN. LTD.","2019-20","108185","106627","106627","94"
"RAILTEL CORPORATION INDIA LTD.","2019-20","108063","98385","98385","95"
"NATIONAL PROJECTS CONSTRUCTION CORPN. LTD.","2019-20","107374","112717","112717","96"
"NATIONAL SEEDS CORPN. LTD.","2019-20","105997","81584","81584","97"
"IREL (INDIA) LTD.","2019-20","103874","57488","57488","98"
"MOIL LTD.","2019-20","103807","132346","132346","99"
"ALLIANCE AIR AVIATION LTD.","2019-20","99302","60453","60453","100"
"GOA SHIPYARD LTD.","2019-20","93127","137343","137343","101"
"COAL INDIA LTD.","2019-20","84516","93391","93391","102"
"E. C. G. C. LTD.","2019-20","83340","127041","127041","103"
"HINDUSTAN COPPER LTD.","2019-20","83185","170591","170591","104"
"M S T C LTD.","2019-20","83071","194627","194627","105"
"NATIONAL HANDLOOM DEVELOPMENT CORPORATION LTD.","2019-20","78456","287571","287571","106"
"MISHRA DHATU NIGAM LTD.","2019-20","71288","66608","66608","107"
"AI AIRPORT SERVICES LTD.","2019-20","66291","64260","64260","108"
"MECON LTD.","2019-20","64751","48037","48037","109"
"P E C LTD.","2019-20","62787","447091","447091","110"
"IRCON VADODARA KIM EXPRESSWAY LTD.","2019-20","61928","0","0","111"
"HINDUSTAN STEELWORKS COSTN. LTD.","2019-20","60536","97954","97954","112"
"BRAITHWAITE & CO. LTD.","2019-20","57917","13089","13089","113"
"HINDUSTAN SHIPYARD LTD.","2019-20","57354","64478","64478","114"
"KONKAN LNG LIMITED","2019-20","48486","0","0","115"
"KARNATAKA ANTIBIOTICS & PHARMACEUTICALS LTD.","2019-20","44004","35955","35955","116"
"MINERAL EXPLORATION CORPN. LTD.","2019-20","42615","36908","36908","117"
"HIL (INDIA) LTD.","2019-20","42184","43906","43906","118"
"BIOTECHNOLOGY INDUSTRY RESEARCH ASSISTANCE COUNCIL","2019-20","41381","19286","19286","119"
"FERRO SCRAP NIGAM LTD.","2019-20","40073","31961","31961","120"
"IRCON DAVANAGERE HAVERI HIGHWAY LTD.","2019-20","39283","246","246","121"
"AAI CARGO LOGISTICS & ALLIED SERVICES COMPANY LTD.","2019-20","37549","34333","34333","122"
"POWER GRID WARORA TRANSMISSION LTD.","2019-20","36026","6370","6370","123"
"PAWAN HANS LTD.","2019-20","34593","39541","39541","124"
"BROADCAST ENGG. CONSULTANTS INDIA LTD.","2019-20","34555","23935","23935","125"
"INDIA TOURISM DEV. CORPN. LTD.","2019-20","33627","33971","33971","126"
"ARTIFICIAL LIMBS MFG. CORPN. OF INDIA","2019-20","33342","22560","22560","127"
"POWER GRID PARLI TRANSMISSION LTD.","2019-20","32729","0","0","128"
"BRAHMAPUTRA VALLEY FERTILIZER CORPN. LTD.","2019-20","32727","38146","38146","129"
"EdCIL(India) Ltd.","2019-20","32625","28871","28871","130"
"POWERGRID VIZAG TRANSMISSION LTD.","2019-20","31294","24230","24230","131"
"HPCL BIOFUELS LTD.","2019-20","30024","13423","13423","132"
"HINDUSTAN ORGANIC CHEMICALS LTD.","2019-20","30001","24233","24233","133"
"ANDREW YULE & COMPANY LTD.","2019-20","29914","36150","36150","134"
"HINDUSTAN PREFAB LTD.","2019-20","28719","23845","23845","135"
"HLL INFRA TECH SERVICES LTD.","2019-20","27320","8632","8632","136"
"POWER SYSTEM OPERATION CORPORATION LTD.","2019-20","26996","20113","20113","137"
"POWER GRID JABALPUR TRANSMISSION LTD.","2019-20","25057","0","0","138"
"CEMENT CORPN. OF INDIA LTD.","2019-20","24933","33114","33114","139"
"CENTRAL ELECTRONICS LTD.","2019-20","24600","22127","22127","140"
"INDIA TRADE PROMOTION ORGANISATION","2019-20","20486","24748","24748","141"
"SAIL REFRACTORY COMPANY LTD.","2019-20","20217","13158","13158","142"
"POWER GRID SOUTHERN INTERCONNECTOR TRANSMISSION SYSTEM LTD.","2019-20","18607","0","0","143"
"NATIONAL HIGHWAYS & INFRASTRUCTURE DEVELOPMENT CORPN. LTD.","2019-20","17829","9437","9437","144"
"HMT MACHINE TOOLS LTD.","2019-20","17623","17708","17708","145"
"THE JUTE CORPN. OF INDIA LTD.","2019-20","16926","22682","22682","146"
"HINDUSTAN NEWSPRINT LTD.","2019-20","16719","26072","26072","147"
"HEAVY ENGINEERING CORPN. LTD.","2019-20","13975","40645","40645","148"
"PROJECTS & DEVELOPMENT INDIA LTD.","2019-20","13301","6820","6820","149"
"IRCON INFRASTRUCTURE & SERVICES LTD.","2019-20","13113","3236","3236","150"
"REC POWER DISTRIBUTION CO. LTD.","2019-20","12721","20194","20194","151"
"POWERGRID NM TRANMISSION LTD.","2019-20","12290","0","0","152"
"NBCC SERVICES LTD.","2019-20","12057","8637","8637","153"
"PFC CONSULTING LTD.","2019-20","11143","6045","6045","154"
"RAJASTHAN ELECTRONICS AND INSTRUMENTS LTD.","2019-20","11091","24302","24302","155"
"CHANDIGARH INTERNATIONAL AIRPORT LTD.","2019-20","10954","9235","9235","156"
"BHARAT PETRO RESOURCES LTD.","2019-20","10647","8970","8970","157"
"BRAITHWAITE BURN & JESSOP CONSTRUCTION COMPANY LTD.","2019-20","10640","8844","8844","158"
"NATIONAL FILM DEV. CORPN. LTD.","2019-20","10577","42042","42042","159"
"CENTRAL REGISTRY OF SECURITSATION ASSET RECONSTRUCTION AND SECURITY INTEREST OF INDIA (CERSAI)","2019-20","10188","0","0","160"
"INDIAN MEDICINES & PHARMACEUTICAL CORPN. LTD.","2019-20","9704","9521","9521","161"
"IRCON SHIVPURI GUNA TOLLWAY LTD.","2019-20","9444","38193","38193","162"
"CENTRAL RAILSIDE WAREHOUSE CO. LTD.","2019-20","8180","9530","9530","163"
"RAILWAY ENERGY MANAGEMENT COMPANY LTD.","2019-20","7856","6563","6563","164"
"NATIONAL MINORITIES DEVP. & FINANCE CORPORATION","2019-20","7324","5520","5520","165"
"POWERGRID KALA AMB TRANSMISSION LTD.","2019-20","7323","3758","3758","166"
"SCOOTERS INDIA LTD.","2019-20","7201","5055","5055","167"
"IRCON PB TOLLWAY LTD.","2019-20","7040","27754","27754","168"
"BENGAL CHEMICALS & PHARMACEUTICALS LTD.","2019-20","7027","7883","7883","169"
"NATIONAL SCHEDULED CASTES FINANCE & DEVP. CORPN.","2019-20","6889","3944","3944","170"
"MUMBAI RAILWAY VIKAS CORPORATION LTD.","2019-20","6873","4578","4578","171"
"CENTRAL COTTAGE INDUSTRIES CORPN. OF INDIA LTD.","2019-20","6809","7125","7125","172"
"HMT (INTERNATIONAL) LTD.","2019-20","6714","2495","2495","173"
"BHARAT PUMPS & COMPRESSORS LTD.","2019-20","6697","6871","6871","174"
"BHARAT IMMUNOLOGICALS & BIOLOGICALS CORP. LTD.","2019-20","6684","3480","3480","175"
"CONCOR AIR LTD.","2019-20","6654","44987","44987","176"
"REC TRANSMISSION PROJECTS CO. LTD.","2019-20","6643","4173","4173","177"
"HOTEL CORPN. OF INDIA LTD.","2019-20","5957","5507","5507","178"
"INSTRUMENTATION LTD.","2019-20","5718","7438","7438","179"
"BEL OPTRONICS DEVICES LTD.","2019-20","5487","13793","13793","180"
"HANDICRAFTS & HANDLOOM EXPORTS CORP. OF INDIA LTD.","2019-20","5466","61523","61523","181"
"HINDUSTAN ANTIBIOTICS LTD.","2019-20","5453","3148","3148","182"
"RAILTEL ENTERPRISES LTD.","2019-20","5344","329","329","183"
"CERTIFICATION ENGINEERS INTERNATIONAL LTD.","2019-20","4921","5029","5029","184"
"NATIONAL BACKWARD CLASSES FINANCE & DEVP.CO.","2019-20","4804","3596","3596","185"
"NATIONAL SCHEDULED TRIBES FINANCE & DEVP. CORPN.","2019-20","4281","3095","3095","186"
"THE BISRA STONE LIME COMPANY LTD.","2019-20","4265","4238","4238","187"
"BEL-THALES SYSTEMS LTD.","2019-20","4057","314","314","188"
"TAMIL NADU TRADE PROMOTION ORGANISATION","2019-20","4021","3686","3686","189"
"HINDUSTAN FLUOROCARBONS LIMITED","2019-20","3696","4308","4308","190"
"FCI ARAVALI GYPSUM & MINERALS (INDIA) LTD.","2019-20","3587","4860","4860","191"
"GOA ANTIBIOTICS & PHARMACEUTICALS  LTD.","2019-20","3349","5603","5603","192"
"RICHARDSON & CRUDDAS(1972) LTD.","2019-20","2736","3316","3316","193"
"VIGNYAN INDUSTRIES LTD.","2019-20","2708","3027","3027","194"
"HMT LTD.","2019-20","2613","1480","1480","195"
"SAMBHAR SALTS LTD.","2019-20","2290","1913","1913","196"
"BHARAT BROADBAND NETWORK LTD.","2019-20","2214","35","35","197"
"POWERGRID UNCHAHAR TRANSMISSION LTD.","2019-20","2191","1634","1634","198"
"PUNJAB LOGISTIC INFRASTRUCTURE LTD.","2019-20","2025","1116","1116","199"
"BHEL ELECTRICAL MACHINES LTD.","2019-20","1865","1451","1451","200"
"CHHATTISGARH EAST RAILWAYS LTD.","2019-20","1395","0","0","201"
"NATIONAL SAFAI KARAMCHARIS FINANCE & DEVPT. CORPN","2019-20","1288","1246","1246","202"
"SIDCUL CONCOR INFRA COMPANY LTD.","2019-20","1284","676","676","203"
"NEPA LTD.","2019-20","1243","1025","1025","204"
"NATIONAL HANDICAPPED FINANCE & DEVPT. CORPN.","2019-20","1191","1018","1018","205"
"KUMARAKRUPPA FRONTIER HOTELS PVT. LTD.","2019-20","1042","975","975","206"
"NATIONAL RESEARCH DEVELOPMENT CORPN.","2019-20","931","1074","1074","207"
"BPCL-KIAL FUEL FARM PVT. LTD.","2019-20","841","0","0","208"
"PRIZE PETROLEUM COMPANY LTD.","2019-20","823","744","744","209"
"TCIL LAKHNADONE TOLL ROAD LTD.","2019-20","756","483","483","210"
"MILLENNIUM TELECOM LTD.","2019-20","734","676","676","211"
"IIFCL PROJECTS LTD.","2019-20","716","760","760","212"
"IIFCL ASSET MANAGEMENT COMPANY LTD.","2019-20","685","731","731","213"
"NAINI AEROSPACE LTD.","2019-20","632","64","64","214"
"PONDICHERRY ASHOK HOTEL CORPN. LTD.","2019-20","599","525","525","215"
"IDPL (TAMILNADU) LTD.","2019-20","541","541","541","216"
"TCIL BINA TOLL ROAD LTD.","2019-20","492","547","547","217"
"VISAKHAPATANAM PORT LOGISTICS PARK LTD.","2019-20","469","0","0","218"
"NORTH EASTERN  HANDICRAFTS & HANDLOOM DEV.CORPN. LTD.","2019-20","466","1817","1817","219"
"KARNATAKA TRADE PROMOTION ORGANISATION","2019-20","375","443","443","220"
"HINDUSTAN SALTS LTD.","2019-20","361","795","795","221"
"FRESH & HEALTHY ENTERPRISES LTD.","2019-20","230","1","1","222"
"JAMMU & KASHMIR DEVELOPMENT FINANCE CORPORATION LTD","2019-20","211","90","90","223"
"NBCC ENGINEERING AND CONSULTANCY LTD.","2019-20","209","232","232","224"
"AGRINNOVATE INDIA LTD.","2019-20","151","3","3","225"
"NORTH EASTERN REGIONAL AGRI. MARKETING CORP.LTD.","2019-20","144","360","360","226"
"EASTERN INVESTMENT LTD.","2019-20","75","45","45","227"
"HMT WATCHES LTD.","2019-20","35","0","0","228"
"INDIAN PORTS GLOBAL LTD","2019-20","16","0","0","229"
"BRITISH INDIA CORPORATION LTD.","2019-20","5","5","5","230"
"AURANGABAD TEXTILES & APPAREL PARKS LTD.","2019-20","4","0","0","231"
